id	text_en	text_tr	label	sentiment_preserved	failure_category	notes
18536	I am sure that when this book came out, it was probably mind blowing. I did find it entertaining, but not enough to recommend to others.	Bu kitapların geldiği zamandan emin olduğuma eminim. Bu işe girdim, ama başkalarının başkalarını kurmak için yeterli değil.	0			
18021	I am so disappointed. Actually, I'm calling the company tomorrow to get a refund. I followed all directions, changed dosage when it wasn't working correctly, but it did not cleanse my system in any way. Don't waste your money, a cheap laxative will do the same thing.	Çok hayal kırıklığına uğradım. Aslında nöbetçi bir şirketi arayacağım. Bütün yönetimlerini takip etmiştim. Ama bu sistemde temizlenmedik bir şekilde çalışmamıştı. Paranı kirletme, ucuza yapılacak bir şey yapar.	0			
12846	This is the same filter that the manufacturer uses, so it fits, it works as designed and is priced good. I will definitely by one again next time it's filter change time!	Bu, adam bizim fakültesi, ayrıca ısrarcı, o yüzden işe yaradı ve çok iyi oldu. Bir dahaki sefere yine vazgeçeceğim.	1			
14766	This movie was very slow and didn't have a story line. I would not reccomend it to anyone! Big wast of time!	Bu film yavaşça konuşuyordu ve bir hikaye yok. Kimseye bile gelmedim. Büyük zaman geçirin!	0			
1134	This story will keep you guessing what's to happen next until you see who the villain is. Then you won't be able to wait to see how revenge is dished out. A best classic in every sense of the word. Great acting, actors and photography!	Bu hikayeyi en son görene kadar olan olaylar senin için olana kadar. O zaman nasıl intikam almak için bekletildiğini göremezsin. Birinci sınıfın en iyi dilekçesi. Harika davranıyor ve fotoğraflar.	1			
1125	Don't waste your money. Not only is as near I can tell 95% or more of video is recycled, its all already on other playboy dvd's. There should be a law against this couragous rip-off. Is there a no-star option?	Paranını kullanma. %15.25, 95, ya da daha fazla oyuncu atıştırdığını söyleyebilirim. Bu büyük bir kanunlara aykırı olmalı. İnternet kuru yok mu?	0			
15135	This movie only makes sense if you are stoned. A friend who really likes this movie told me that you need to drink a white Russian every time the Dude does......Sorry, this movie was a bust for me.	Bu film, sadece resim bozucu bir şey yaparsan. Bu film, Rus bir arkadaşım bana hiç bir film içki içmem gerektiğini söylemişti.	0			
4353	I have always looked for ways to eat right Mary Lou has tapped The nutrition out look! I wish I could thank her personally!!!!!	Mary'nin dikkatini çekmek için her zaman Mary'nin yediğini hayal etmiştim. Keşke ona teşekkür edebilirim!	1			
7217	I tried a couple of others before I stumbled on to this one. It smells fresh and not too over-powering. I use it everyday and received compliments from my friends. Recommend.	Bir kaç tanesini bu saçmalığa atmaya çalıştım. Pahalı bir koku ve çiçek değil. Her gün bir gün geçirdim ve arkadaşlarımdan vazgeçtim. Röportaj.	1			
11112	"As a die-hard Gator and SEC fan (toughest conference in the nation mind you) I recommend this book. I made it a member of my collection with pride! Hey check out ""A Tailgater's Guide To SEC Football"" it is a kick-ass book for SEC freaks like me!"	"Bir ölen ölür ve S.H.I.E.L.C.L.I. Bu kitabı sana versem. Koleksiyonumdaki bir üye yaptım. ""Doyg'un Springg'i benim için bir kitabı çekmek için bir kitap yazmış"" deneyin!"	1			
14962	This quite interesting book in Grafton's generally excellent series was fine until I got to the end of the kindle version. The ending is missing! Kinsey is left in peril, and there's no wrap-up as usual for the series.	Bu ilginç olan Graves'in çok ilginç bir kitabı sonucunda, bir türden bir şekilde başa çıkana kadar. Nihayet kayboluyor! Kinsey'e ayrıldı ve aramızda hiçbir şey yok.	0			
15779	I am truely a big Jane Austen fan and of Anne Hathaway - which was the real reason I bought the DVD - maybe if it had different Director.	Ben de bir Jane Avusturya'yım ve Hintlia'nın amcası olduğunu farkettim.	0			
16101	"A very good CD, of course, but look somewhere else for the real thing : ""The freewheeling"", ""Highway 61"" and ""Subterranean Homesick Blues""."	Elbette çok iyi bir C.L. ama gerçekte bir yerde, 61, 61, 61 ve 617'de bir yerde.	1			
12173	got this cd player and hooked it up and the thing could not read any disc very disappionted with it.!!!! sent it back for a refund.	Bu oyun oynadı ve herhangi bir hareketle geçirip böyle bir şey yapamaz. Bir kasa geri gönderdi.	0			
12424	I am using this headset , sound quality is good enough to use it during drive and talk longer. Light weight and kool.	Bu bölgeyi kullanıyorum, görünüşe bakıyorum ve daha fazla konuşmayı kullanıyorum. Yakın ve mutfakta.	1			
18529	I've been waiting for this CD for MONTHS...and it was NOT a let down! I LOVE IT! It's SOOO AWESOME...I don't hear one thing wrong with it whatsoever. It's worth every star...and more.	Bu k.H.I.E.H.E.L.H.I.E.L! Ben varım! Bir şey duyduğumu sandım. Her yıldız açışı daha değerliydi.	1			
4589	"This CD is worth it. The songs in the movie ""Snow Day"". It is awesome. I know I might sound crazy but this song is awesome."	Bu da buna değer. Oğlunun sinema günü. Muhteşem. Biliyorum çılgınca konuşabilirim ama bu harika.	1			
15061	It only plays on one of our 4 DVD players! Very irritating. We love snow white, but sucks that it only works on one player	4. D. D.C. oyun oynuyor. Çok doğru. Beyaz amaçları seviyorum, fakat sadece bir oyun oynuyor.	0			
12690	This is a flimsy, over-priced spatula that is too narrow and right-handed. Wish I hadn't bought it and am having a hard time finding anything better.	Bu bir çeyrek, çürük, farkı farkı var. Wishn'i satın almadım ve daha iyi bir şey bulamadım.	0			
17903	This is one of the best Meal Replacement Shakes ever. They set the standard. I don't know how they do it but this distributor has the absolute lowest prices. I highly reccomend this product from this distributor.Let me know once you agree.Thanks a ton.	Bu, Ralimitosu'nde bir tane. Onlar ayaklanıyorlar. Nasıl yapıldığını bilmiyorum ama bu ufacık nasıl bir şeydir. Bu ürkütücü üretiminden çok yüksek. Sana bir kez katılmana izin ver. Teşekkürler.	1			
10966	Absolute worst book ever written! What is the point besides English boys going insane and killing eachother? I only read this book because of the reviews of five stars, but they are absoulutely wrong! Do NOT spend money on this book.	Kesinlikle en kötü kitap yazmış. İngiliz ve öldürücü adamları öldürüp öldürüp öldürüp öldürmeye ne dersiniz? Sadece bu kitabın beş kitabı okumak için okuyorum, ama onlar yanılmıyorlar. Bu kitap için para harcama.	0			
18787	Although the CD arrived promptly, upon playing the disk the first cut (song) did not play.Disks should be ckecked for perfection before shipping.	C.D.Don'da hükmettikten sonra, çalınan ilk oyunu oynamıyordu. Fisk'ler gemiye daha önce gemi bulmalıdır.	0			
18572	While I love the movie, this is the first DVD I have bought from Amazon that won't play on my multizone DVD (region O) player. But it will play on the laptop, so not a complete loss.	Filmde, D.C.D.D. Amirenton'ın oyuncu'dan önce de oynadığımı aldım. Ama bu koleksiyonunda, tam bir kaybı değil.	1			
17156	Jerry has such a humble approach in his character it is very easy to sink in. There is never a dull moment when he comes onto screen. I love his B&W's.	Jerry'de böyle bir ırkçısı onun içinde çok kolay. Dolayısıyla kısımda hiç bir şey yok. Brews'ı seviyorum.	1			
3920	Basic AD/DC converter. Gets rather warm, but not excessive. The automobile plug fits well in the socket on the adapter. I've used it several times now on my Koolatron P-27 Voyager cooler and it has done the job.	A.C.C.C.H.I.E.L.H.I.E.L.L.E.L. Sıkı rahatlayın ama iyi değil. Otomobilya'da iyi olan vatandaşları topladı. Vatince'in çalışması gereken birkaç kez kullandım ve Voyager'ın işgal işi var.	1			
14961	Loved the movie...didn't like The Continuing Story tho...it took away from the ginuine character of the first 2 movies. Get the movie, u'll love it!!	Filmo... Concido St. Caddevhu'nun önceden önce 2000 tane incelemedilerlemiş. Film çekin, aşkı seveceksin!	1			
12701	I choose this book because it seemed very interesting, also I had never read a play before. I would NOT recommend this book to anyone. There seems to be no plot and everyone acts encredibly dumb. I have to find three themes to this book and so far NONE!!!!	Bu kitapla çok ilginç görünüyordu çünkü daha önce hiç bir oyun oynamamıştım. Kimsenin bu kitabı almamıştım. Herkesin dibini dibine çekip duruyor. Bu kitapları bulmak için üç kitap bulmak zorundayım ve çok uzaktasın!	0			
12137	Absolutely, mind-blowingly awesome! Steven Wilson is the master of multi-channel sound production. Only HE could put together a disc that can (almost) capture the experience of a Porcupine Tree concert. Not to be missed!	Kesinlikle hayır. Stevenson Wilson'ın ürünleri eşitlikçi. Sadece bir araya girip Tate'in tecrüssünü bir şekilde ayarlayabilir. Kaybedecek değil!	1			
19158	I bought it before I knew anything. Now that I have been training a bit more and reading more I realized that this book is lacking a whole lot. I do not really recomend this book unless you can get it for free.	Daha önce bilmediğim bir şeyi aldım. Artık biraz daha trenini alıyorum ve bu kitapların tamamını farkettim. Kitabın bu kitabına geleceğinden emin değilim.	0			
8223	I agree with the spotlight reviewer. It's just a movie and I loved it for staying true to Wells' vision. Kudos for making a fable-like story with good storytelling, tension and action that isn't all about budget, but about the movie itself.	İnternet sitesine katılıyorum. Bu sadece film bir film ve onu ziyaret etmem için çok sevdim. Kudos iyi bir hikaye, iyi bir hikayesiyle, ...ve iyi bir hikaye, ama bu filmle alakalı değil.	1			
