idx,text,gold,lstm_correct,lstm_pred,tf_correct,tf_pred,bert_correct,bert_pred
27,beğendiğim...,0,0,1,0,1,0,1
29,ücret/performans oranı bence orta seviye.,0,0,1,0,1,0,1
47,çok kaliteli olduğunu söyleyemem. fiyatına göre sanki bir tık aşağıda.,0,0,1,0,1,0,1
48,fiyatıyla doğru orantılı bir ürün. benim beklentilerimi karşıladı.,0,0,1,0,1,0,1
60,ürünü elime ulaşalı yaklaşık 15 gün oldu ürün ekran kamera anlamında oldukça iddalı donmada yaşamadım şimdiye kadar ama android sürümü 5.1 ile geliyor ama isterseniz casper oba dan 6.1 e yükselte biliyorsunuz ben yükseltim ama ilk yükselttiğimde ürün şarz almamaya başladı sonra kendi kendine kapanmaya başladı zamanla bu sorunlar kendiliğinden çözüldü ama güncelleme yapmayın bence,1,0,0,0,0,0,0
86,"ancak çoğunlukla plastik malzeme. i̇lk kullanımda plastik kokusu oldu biraz, ikinci kullanımda geçti.",1,0,0,0,0,0,0
119,kordonun gergin olması iyi. malzeme kalitesi de iyi. ancak üzerinde herhangi bir marka yazmaması ve orjinali gibi klipsli olmaması kötü. yine de bu fiyata işinizi tam anlamı ile görüyor.,1,0,0,0,0,0,0
122,oldukça küçük ve işlevsel üzerinizde taşımak için ideal siyah renk olması hayal kırıklığı,1,0,0,0,0,0,0
138,kedim resmen nefes almadan yedi. diğer mamalarda olan kemik parçaları içinde olmadığı için benim ufaklık paket bitene kadar nefes almadı resmen:),1,0,0,0,0,0,0
176,adore vlt-270 manager elite yönetici koltuğu,0,0,1,0,1,0,1
181,bu deneyimlerim passat aracım için geçerlidir.,0,0,1,0,1,0,1
192,"ürün fiyat/performans cihazı. ürünün içini açtım. özelliklerde belirtilmeyen, içerisinde yer alan normal hard diske ek olarak m2 sata slotu da var. yani ekstradan 256gb bir ssd takabiliyorsunuz. 2 ram slotu var ve 2x4gb ram takılı. ram yükseltmek için mecburen 2x8gb alıp, mevcut olanları elden çıkarmanız gerekecek.",1,0,0,0,0,0,0
198,fiyatı iyi ama hızı çok iyi değil. ben arabanın teybine takacağım için en minik olanını istemiştim. bu açıdan çok güzel. mp3 çalarken kesilme falan yapmıyor. gayet güzel ve şık. ben tavsiye ederim. yoğun data kullanacak arkadaşlar hızına dikkat etsin. hızlı olsun isteyenler dikkatle yaklaşsın,0,0,1,0,1,0,1
220,ürünü elime hızlı bir şekilde ulaştıran hepsi burada ailesine teşekkür ederim. ürün yetişkinler için biraz basit kalıyor şarjı çok az gidiyor. beklentisi yüksek olmayanlar için bu fiyata alınabilecek en iyi ürün...,0,0,1,0,1,0,1
231,kisa sürede eli̇me ulaşti sorun yok. teşekkürler hb.,0,0,1,0,1,0,1
242,telefonumla gelen orjinal şarj aleti hızlı şarj yapıyor. yani telefonda bir sıkıntı yok.,0,0,1,0,1,0,1
252,"-bence en büyük eksisi çıkardığı ses.o kadar fazla ses çıkıyor ki etrafı süpürürken cebimdeki telefonun sesini zor duydum. belki de ben çok alışık olmadığımdan bana fazla gelmiştir,kimbilir..",1,0,0,0,0,0,0
255,tuvalet geldi ama yavru kedim daha gelmedi bakalım görünce ne yapacak.,1,0,0,0,0,0,0
257,kullanmaya başladım. amacına uygun ve yeterli. pahalı ürünlerin gördüğü ayni işi görüyor.,0,0,1,0,1,0,1
268,"siparis elime cok kısa bir sure icinde ulastı acıkcası bunu beklemiyordum bayram diye 2 haftayı bulacagını dusunuyordum. eldiveni bir beden buyuk aldım iyi ki buyuk almısım parmaklarıma anca giriyor, yalnız bilek kısmı da bol geldi :) fiyatına göre ideal bir eldiven bence iş görür fakat yüksek beklentileriniz olmasın",0,0,1,0,1,0,1
282,"tahmin ettiğimden fazla kolay çıktı. bundan dolayı çok tekrar gerekiyor. ama sapı falan gayet güzel. kolay taşınabilir, sürekli çıkarıp uğraş tarzı :)",0,0,1,0,1,0,1
299,"fiyatı uygun olduğu için tercih etmiştim ama kullanınca çok memnun kaldım. kullanışlı, rahat ve diğerlerinden işlevsel hiçbir farkı yok. kesinlikle alınabilir.",0,0,1,0,1,0,1
304,"lg g4 bu yüksek özellikleri ile aşırı makul fiyata olan bir telefondur. ancak bootloop ve ghost screen gibi neredeyse tüm telefonlarda karşılaşılan kronik arızaları vardır. bu cihazı alırsanız bilin ki 2 yıl içerisinde kesinlikle servis ile muhatap olacaksınız. alacaksanız, bunu göze alıp alınız.",0,0,1,0,1,0,1
324,"çeşitlik güzel, kutu güzel ve kullanışlı. duvara falan asma aparatı var. çift bölmeli ve bölmeler kapaklı falan.",0,0,1,0,1,0,1
326,-ürün tedirgin edecek derecede incelmiş. bence bu kadar incelik bir artı değil; eksi. belki hiçbir şey olmayacak ama cebimde kırılacak endişesiyle kılıfsız kullanamıyorum.,1,0,0,0,0,0,0
347,onnumara,1,0,0,0,0,0,0
369,bu siparişteki tek iyi şey siparişin zamanında gelmesi idi.,0,0,1,0,1,0,1
419,ilacı 3+2 kullanıyorum faydasını görüyorum ama kilo aldiriyor.,1,0,0,0,0,0,0
420,kalite ve uygun fiyat.,0,0,1,0,1,0,1
434,"üründen sipariş etmek istiyoruz fakat aklımıza takılan bir soru var. acaba alt modülün derinliği derken lavaboyla birlikte 52 cm, yoksa sadece dolabın derinliğimi 52 cm. eğer sadece dolabınsa lavabonun çıkıntısıyla birlikte derinlik kaç cm? şimdiden teşekkürler.",1,0,0,0,0,0,0
437,"merhabalar,net ortamında birçok alışverişim oldu ama bu ürün merkezi bir yere 4 günde ulaştı.",0,0,1,0,1,0,1
450,ürünün 30 ml lik olanından denemek için aldım güzel ve orjinal bir ürün hb.com güvenirliliğini tekrar konuşturdu bir kez daha teşekkürler ürüne gelince güzel bilindik klasik bir kokusu var denemek için alınabilir ama farklı olmak istiyorsanız tavsiye etmem kalıcılık güzel,0,0,1,0,1,0,1
472,öncelikle bu sandalyeyi alan kişilerin yaptığı yorumların çoğu kurulumuyla ilgili. kurulumu çok kolaymış. arkadaş uçak mı yapıyosun araba mı kuruyosun. altı üstü 5 parçalık bir sandalye kuruyosun. ürün çok şık görünüyor. yorumlarda denildiği gibi süngeri yok denecek kadar az değil. gayet güzel yumuşak bir sünger. yalnız plastik aksamı biraz zayıf. tekerleğini yerine geçirirken hafif ayrılma oldu tekerlek geçen haznede. bunun dışında yaylanma mekanizması çok esnek değil sadece görüntüsü var yayın. tavsiye ederim. fiyatı mükemmel.,0,0,1,0,1,0,1
482,"süper hızlı gonderi olmasına güvenip doğum günü hediyesi olarak almıştım, günler sonra elime ulaştı. kargo fiyasko ama urun kullanisli",0,0,1,0,1,0,1
484,"ürün basit olsada seyahatler için kullanışlı, ama renk seçeneği olmaması çok kötü",1,0,0,0,0,0,0
501,"güzel bi saat. fiyatı da fena diil. pusulası için aldım denizcilik sektöründeyim.rüzgar yönünü ölçmek, sıcaklık değerlerini almak için gayet kullanışlı ve pratik. ancak sıcaklığı ölçerken kolunuzdan çıkartmanız ortam sıcaklığını en doğru şekilde ölçmek için ideal yöntem. tek olumsuz yönü ışığı az süre yanıyor ancak çok önemli diil saatin kaç olduğunu görmek bana yetiyor.. :)",0,0,1,0,1,0,1
530,fakat telefon gibi konuşabiliyormuyum? hafıza kartı yeri varmı yani açıkçası telefon gibi mi? ne olur cevap yazın çünkü bende alıcam...,1,0,0,0,0,0,0
560,yeni aldım ürünü  görünürde hiç sıkıntı yok.. ne kadar dayanıklı onu şuan bilemem. tavsiye edebilirim fiyatına göre çok uygun bir alet vesselam.......,0,0,1,0,1,0,1
565,eleştrip hatalı oldugunu söyleyenler olmuş. ben normal bir kullanıcı olarak bir sıkıntı görmedim üründe. 2 tane aldım ikisi de normal.,1,0,0,0,0,0,0
579,dezavantajlari,1,0,0,0,0,0,0
616,ürün üretilme amacını yerine getiriyor. mantar pano içinde olmazsa olmaz. ama renk dağılımı homojen değil. sarı renk çok az. renk renk kutulanıp satılırsa daha uygun olur kanımca.,1,0,0,0,0,0,0
618,çok teşekkür ederim resimdekinden daha güzel çok beğendim eşime evllilik yıl dönümü hediyesi iyiki aldım :-),0,0,1,0,1,0,1
638,telefon güzel ve kullanışlı bir telefon. özellikleri oldukça iyi ancak hızlı şarj 30 dk. denmesine rağmen 2 saat alıyor. gelen çağrıyı da görmek için önce güç düğmesi sonra telefon ikonu sonra çağrıya dön ondan sonra gelen çağrıyı görebiliyorsunuz. bu özelliği iyileştirilmediği sürece diğer özellikleri çok iyi olsa da sınıfta kalır.,0,0,1,0,1,0,1
644,"ürünün 2/3 kadarını 45 litre mazota ekledim, aracı 100 km 2500-3000 devir civarı kullandım, henüz yarım depo yakıt harcadım. aracımda 140 bin'de 1.3 multijet 75hp motor var. son 20 bin km'dir bazen bir kaç sefer sonra marş alıyordu, ürünü denemeye başladığımdan beri bu sorun tekrar etmedi henüz. ayrıca 1500-2000 devir arasında 5. ve 6. viteste bazen motor vuruntu yapıyordu, baya azaldığını hissettim ama tamamen geçmedi henüz.",1,0,0,0,0,0,0
660,verdiğim sipariş aynı gün işleme alındı ve ertesi gün sabahtan elime geçti.  1 paket fiyatına 2 paket ürün almış oldum. teşekkürler,0,0,1,0,1,0,1
683,herkesin sevebileceği tarzda bir kitap değil. ama başladıktan sonra aynı gün bitiriyorsunuz.,1,0,0,0,0,0,0
744,"ilk başta tamam i̇şte budur diyorsunuz, ama zamanla bu görüşünüz değişiyor ve sabun&kolonya karışımı bir koku hissetmeye başlıyorsunuz. yine de sevenlerini üzmeyelim, beğenen alsın kullansın :)",0,0,1,0,1,0,1
758,"hepsiburadaya hızından, kalitesinden dolayı teşekkürler.",0,0,1,0,1,0,1
760,eksileri:kutuyu açınca kötü bi koku var o kadar.,1,0,0,0,0,0,0
773,çünkü tekrar tekrar kullanılabiliyor.,1,0,0,0,0,0,0
800,arkadaşlar ürünü eşim kullandı güzel markete gitmeden ürün eve kadar geldi hemde kargo ücretsiz herkese tavsiye ederim hepsi burada teşekkür ederim,0,0,1,0,1,0,1
813,telefon çok guzel bir telefon ama ses konusunda biraz sıkıntı var diger kamera v.b tarafından güzel bir telefon tavsiye ederim.,0,0,1,0,1,0,1
818,-foto/video çekmek icin ekrana basıosunuz ayrı bir tusu yok ama bunlar kafaya takılmycak kadar gereksiz.,1,0,0,0,0,0,0
838,kısa sureli kullanımlar için ideal,0,0,1,0,1,0,1
846,dokunmati̇k+kamera+hoparlör   çok kali̇tesi̇z...  şarji güzel i̇nternet hizi güzel...,0,0,1,0,1,0,1
903,3 yaşındaki kızım için aldım. fazlası ile iş görüyor.,0,0,1,0,1,0,1
906,bilek kısmı tamamen lastik olduğu için sıktığınızda acıyabilir.,1,0,0,0,0,0,0
909,urunler cok guzel gayaet sessız fakat esofmanı begenmedım acayıp çin malı kokuyor:)kosu bandı cok sessızve kurulumu kolay bısıkletı kurmak daha uzun surdu:),1,0,0,0,0,0,0
913,daha fazla indirim olmalı diye düşünüyorum. ürün kalitesinde bir fark yok.,1,0,0,0,0,0,0
921,cihazı alalı 1 ay oldu 2-3 kez kullandım azalma var bazı arkadaşlar yorumlarında 8 seans kullandım bitmedi diyor tüyün bitmesi söz konusu değildir sadece cansız ve geç çıkar bu kadar,1,0,0,0,0,0,0
931,"100 li̇raya-120 li̇raya yillarca evde balik yapabi̇leceği̇ni̇z bi̇r izgara satin aliyorsunuz,",1,0,0,0,0,0,0
938,en güzel yanı ürünün 1 günde elimizde olması yani hepsiburada güzel olan,0,0,1,0,1,0,1
943,buyuk seyler ıcın kullanılamaz ama aynı anda 5 yada 6 sayfa zımbalaya bılır,1,0,0,0,0,0,0
972,bu fiyata bu kadarlık ürün,0,0,1,0,1,0,1
977,yorumlarda fm yok deniyor.,1,0,0,0,0,0,0
986,ürünü spor yaparken kullanıyorum gerçekten çok fazla terletiyor beli üşütmemek içinde kullanılabilir sıcak tutuyor bu fiyata gayet başarılı bir ürün bence.,0,0,1,0,1,0,1
992,diğer alıcıların yorumları tamamen doğru. renk konusunda seçme şansınız yok. benim en son tercihim geldi.,0,0,1,0,1,0,1
1001,değişik avizelerimin olduğu yerde kullandım çok ayrı bi hava kattı,0,0,1,0,1,0,1
1015,termal macunun önemsiz gibi görünse de pc için çok önemli ve dikkat edilmesi gereken bir unsurdur. ürüne gelecek olursak daha kullanmadım ama ihtiyacım olacağı için sipariş ettim kutusu kargolanması güzel ihtiyacı olanlara tavsiye ederim ....,0,0,1,0,1,0,1
1034,uyurken boyun ağrılarım için almıştım. şimdi kullanıyorum. tavsiye ederim herkese.,0,0,1,0,1,0,1
1051,2. hd görüntü kötü mü?,1,0,0,0,0,0,0
1084,urunun kargoya verilme suresi biraz daha kisa tutulabilir onun disinda surekli kullandigim urun sorun yok 5 bicaga devam...,1,0,0,0,0,0,0
1091,1983 model ascona di̇zel motor çok zayif yani̇ revi̇zyon yapilsa yeri̇di̇r .bor kullandiktan 800 km sonra yumuşak bi̇r di̇zel oldu çeki̇ş iyileşti̇ uzun rampalarda 5.vi̇tesden 4.vi̇tese çok nadi̇r düştüğü oluyor.di̇kkat edi̇n uçuyor demi̇yorum.zayif bi̇r di̇zel motorun bi̇ni̇li̇r hale geldi̇ği̇ni̇ yazdim.peri̇yodi̇k olarak kullanilmasi gereki̇r.,1,0,0,0,0,0,0
1096,ürün performansı fiyatına göre oldukça iyi. malzemesi de kaliteli.,0,0,1,0,1,0,1
1101,deodorant guzel ama yaninda gonderdiginiz hediye bayanlar icin...?,1,0,0,0,0,0,0
1102,"boyun killari ters olan ki̇şi̇ler i̇çi̇n bi̇raz sikinti cikartabi̇li̇r.bi̇raz vaki̇t aliyor, uğraştiriyor.bunun hari̇ci̇nde güzel ürün,pürüzsüz bi̇r traş sunuyor.sert killari alirken zorlanmiyor.temi̇zli̇ği̇ kolay.",0,0,1,0,1,0,1
1115,şirketleri bilmem ama hepsi burada.com müsteri temsilcilerine teşekkür ediyorum,0,0,1,0,1,0,1
1118,"bunun dışımda söylenecek fazla birşey yok. fiyatı uygun kapınıza kadar geiriyorlar.garanti sürecini başlatmak için yetkili servisi arıyorsunuz,",0,0,1,0,1,0,1
1120,ürün elime ulaştı bir süredir kullanıyorum. almayı düşünen arkadaşlar için artıları eksileri belirtmek istedim.,0,0,1,0,1,0,1
1149,herkese iyi alışverişler..,0,0,1,0,1,0,1
1301,*tekerleği biraz dandik gibi. tuhaf dönüyor alışamadım.,1,0,0,0,0,0,0
1303,gerçekten hızlı bir şekilde şarj ediyor ama eli yakacak derecede fişe taktığım zaman ısındı gerçi her şarj aleti ısınıyor ama bu çok ısındı ben alır almaz power bankımı şarj ettim onda çok sıcak oldu ama hemende doldurdu telefonum samsung galaxy s3 şarj ettim onda normal derecede ısındı power banktakı gibi eli yakacak derecede ısınmadı ve kargo 24 saat içinde bana ulaştı,1,0,0,0,0,0,0
1304,diyorsunuz kitabın sonunda,1,0,0,0,0,0,0
1322,kali̇te belli̇,1,0,0,0,0,0,0
1384,"kapılara sığmadı bize biraz uzun geldi,fakat 1.60 cmlik koridoruma oldu cok rahat kullanıslı sağlam verilen paraya deger konforlu demir biraz agır , 4 5 kilo cıvarı sabitleyebiliyorsunuzda aparatları var yanında 2 ürünü uzatmak için delta yazan yerlerini döndürmeniz yeterli",1,0,0,0,0,0,0
1389,ürün güzel fiyat olarakta iyi tavsiyye ederim,0,0,1,0,1,0,1
1402,"telefonunuz kaliteli ve aynı marka değilse uyum sağlayamıyor, bence sesler çok karışıyor.ama uymlu cihazla kullanılırsa gayet iyi.üç adet düğmeye 15 fonksiyon eklemişler gayet güzel olmuş.",0,0,1,0,1,0,1
1409,evet ürünün kokusu gerçekten çok güzel. ve insanın etkilenmemesi olağan dışı. sentetikle bezenmiş şu fresh kokunun kalıcılığından bahsetmek ise gereksiz. arkadaşlarınızın bileğine sıkarsınız onlarda aaaa güzelmiş derler. tek artısı bu.,0,0,1,0,1,0,1
1420,"tostu harika bi şekilde yapıyor lakin balık konusunda iyi degil. alınırmı, kullanılırmı bana göre kullanılır",1,0,0,0,0,0,0
1428,ürün bekledigimden de kısa bir sürede geldi bu konuda hepsiburada.ya teşekkür ederim.,0,0,1,0,1,0,1
1433,tam ortasına bir destek konulsa daha iyi olurdu çocuk ayağa kalkınca yırtılcak gibi duruyor çok esniyor.,1,0,0,0,0,0,0
1441,uzun zamandır civalı termometre kullanıyordum ve sürekli bi yerlere takılıyor temizlemekle uğraşılıyor ve kötü bir görüntü oluyordu.,1,0,0,0,0,0,0
1447,"ama bu ürünü günlük, mutfakta birşeyler yedik, kırıntıları alalım tarzında kullanamazsınız.",1,0,0,0,0,0,0
1449,güzel bir rimel ama beklentiyi fazla yüksek tutmamak gerekiyor. daha önce max factor rımellerini kullanmamıştım denemek için almıştım ama güzel ve dolgun kiprik isteyen arkadaşlara maybelline ürünlerini tavsiye ederim.,0,0,1,0,1,0,1
1459,arkadaşlar telefongüzel fakat seste biraz sıkıntı var az çıkıyo,1,0,0,0,0,0,0
1463,kitap elime çok hızlı ulaştı bu konuda teşekkür ederim mükemmel notunu veririm.,0,0,1,0,1,0,1
1476,"kahvaltılarını yumurtasız geçirmeyenler için ideal bir cihaz, birden fazla yumurta pişirmeside güzel, yumurtalarınızı kontrol ederek istediğiniz kıvamda hazırlayabiliyorsunuz. unutmadan yumurta kabuklarını temizlemek sizin işiniz.",0,0,1,0,1,0,1
1485,+ kolay boşaltılıyor,0,0,1,0,1,0,1
1496,"işığın rengi güzel gözü yormuyor ve gücü de 5w olmasına rağmen gayet iyi, ancak tavana bakan 6lı avize de 25m2 yi pek iyi aydınlatmadı. o yüzden 3 tanesini yüksek güçlü ile değiştirmek zorunda kaldım.",1,0,0,0,0,0,0
1502,verdi̇m.,1,0,0,0,0,0,0
1507,ürün fi̇yati makul sayilabi̇li̇r..,0,0,1,0,1,0,1
1515,hadi gelin neden bu telefon diye bakalım.,1,0,0,0,0,0,0
1525,"siparişten 3 gün sonra elime geçti ama ürün güzel, fiyat iyi. teşekkürler.",0,0,1,0,1,0,1
1564,cihazda sorun yok orjinal gayette saglam geldi.,0,0,1,0,1,0,1
1570,"bence bu cihazın en büyük eksisi ekranı, general mobile burada hayatının hatasını yapmış. tamam ekran yine aynı boyutta olsun ama ips yerine oled olsun yada süper amoled olsun ki şarj tüketimi törpülensin, siyahlar gerçekten siyah beyazlardan gerçekten beyaz görünsün siyah,koyu gri beyaz da mavimsi görünmesin.",1,0,0,0,0,0,0
1572,2- oyun açısından hiç bir sıkıntınız olmaz akıcı ve hızlı oyun oynatır.,0,0,1,0,1,0,1
1582,5 yıldır kullandığım hp dv6 6000 serisinden laptop'um vardı ve artık çok hantallamıştı.ürünü takıp temiz win10 kurdum ama memnun kalmadım.açılış hızı 90 saniye civarıydı.açıldıktan sonra hızlıydı ama açılış süresi sinir bozucuydu.ve sonra tekrar orjinal aldığım gibi win7'ye geçtim ve tam anlamıyla memnun kaldım.açılış 20-25 saniye aralığında sürüyor ve açılır açılmaz herşeyi kullanabiliyorsunuz herangi bir bekleme olmuyor.,1,0,0,0,0,0,0
1588,"mikrofonun cihazın üzerinde olması, cihazı yaka civarına takmanızı zorunlu kılıyor. ama dediğim gibi sesin iletimi ile ilgili olarak bir şikayet almadım.",1,0,0,0,0,0,0
1598,yaklaşık 1 haftadır kullanıyorum. higrometre odada %70 - %80 arası nem gösteriyordu. hala %70 - %80 arasında gösteriyor. oda büyüklüğü 12 m2,0,0,1,0,1,0,1
1622,ama konsol 9/10.,1,0,0,0,0,0,0
1633,ucuzluğu yanında çokta kaliteli bir ürün beklemeyın ama işinizi bir müddet görür. aldığım ürün kısa bir sürede elime ulaştı kargo bedava olmasıda artı bir avantaj,0,0,1,0,1,0,1
1669,"bu mamadan önce proplan kullanıyordum ve kalan mamayı ikisini karıştırarak vermek istedim, birden tahıl bombası bir mamadan tahılsıza geçerken sindirim sorunları yaşanmasın diye ancak proplan'i neredeyse hiç yemiyor hatta tabağında ayırıyor ve sadece orijen'i yiyor. hatta ve hatta, gün içerisinde mamanın olduğu yere ulaşmaya çalışıyor ki daha fazla yiyebilsin.",1,0,0,0,0,0,0
1672,ben bu ürünü pi̇yasadan alip daha önce kullandim hbc ki̇ fi̇yatini görünce i̇nanamadim çünkü bu fi̇yattan pahalisini 100 cc li̇ği̇ni̇ daha pahaliya almiştim hemen si̇pari̇ş verdi̇m tahmi̇ni̇m yarin geli̇r almak i̇steyenler hi̇ç düşünmesi̇n koku süper bazi arkadaşlar kalici deği̇l di̇yor bu bi̇r erkek kokusu bayan kokusu deği̇l bütün gün kokacak deği̇l sürdükten en az 5 saat devam edi̇yor kokusu tşk ler hbc hem fi̇yati hemde hiziniz i̇çi̇n,1,0,0,0,0,0,0
1711,öncelikle ürün ile ilgili bilgi eksiklerini tamamlayayım.,1,0,0,0,0,0,0
1717,yinede parasına göre i̇yi bir ürün,0,0,1,0,1,0,1
1725,urun guzel,1,0,0,0,0,0,0
1735,"kontrol ekranı seçenekleri 2 adet başka seçenek yok,",0,0,1,0,1,0,1
1743,ürün yanaklarda sinek kaydı boyunlarda cok ugrastıyor,1,0,0,0,0,0,0
1782,"diğer yorumcuların yorumlarına katılıyorum. çabuk şişiyor, 3 nefeste tamamen kullanılabilir oluyor. alçak yastık sevenler için uygun ancak yüksek seviyorsanız beğenmeyebilirsiniz.",1,0,0,0,0,0,0
1825,eksileri: 1- wi-fi zaten zayıf ve hassas bir bağlantı olduğundan doğru yere konumlandırmazsanız nadiren kısa süreli kesilmeler olabilir.,1,0,0,0,0,0,0
1848,"aslında benzer bir ürün kullanıyordum ancak o ürün oynar başlıklı değildi. fiyatı uygun olduğu için bunu aldım eskisi biraz daha pahalı bir üründü ama kalite farkı yok, sadece kılıf içine konan teneke bildiğiniz teneke kolaylıkla bükülüyor, ama bence böyle olması daha iyi çünkü telefonumun arkası kavisli olduğundan şeklini kolaylıkla alabiliyor.",1,0,0,0,0,0,0
1907,"aynı anda kingston ve san disk siparişi verdim. kingston daha pahalı olduğu halde, sandisk ten yavaş kaldı",1,0,0,0,0,0,0
1923,açıklamada bahsedildiği gibi 140 cm e kadar uzayabiliyor 110 cm duvarda gayet kolay kuruluyor ancak sıkmak biraz zor yaninda sıkmak için bir aparat verilebilirdi ama yaninda verilen dübel tarzı şeyler kullanılabilir uzattıkça taşıyabileceği yükte azalıyor tabii ki .,1,0,0,0,0,0,0
1960,urun kuvetlenmek için iyi çalısma hayatınızda çalısrsanız ağrımaz eller uzun sure calsımalarda 3 tel ile calısmak tavsiye edilir tavsiye edilir,0,0,1,0,1,0,1
