idx,text,gold,pred_c1,correct_c1,pred_c3,correct_c3
7,sağlam bir ütü düşürdüm fln bir şey olmadı. ütülemede sıkıntısı yok. tavsiye edilir,1,1,1,0,0
36,ürünü almadan önce braun es2 den herhangi bir farkı var mı diye kuşkuluyduk. oysaki ürünün daha birçok artısı varmış. boyalı saçları hakikaten daha parlak ve daha canlı gösteriyor. kullanımı çok kolay. tabi saçınız boyalı olmasa bile ürünü kullanabilirsiniz. boyalı olmayan saçlardada etki aynı daha parlak. yıpratmıyor.,1,1,1,0,0
51,prize taktığımda iyi olduğunu düşündüm ancak kullanımda üzerindeki delikler gereken yere gelmediğini gördüm. dönmesi için torna vida yardımı ile her seferinde delikleri bulmaya çalışıyorsunuz.,0,0,1,1,0
82,normalde termin süresine birhafta varken ürün elime ulaştı henüs içeriğine bakamadım.h b teşekkürler.,1,1,1,0,0
118,- tuşlar oldukça sesli. bir tuşu spamlediğinizde oldukça rahatsız edici olabiliyor. ofis kullanımı için kesinlikle tavsiye etmiyorum. hızlı klavye kullananlar özellikle kulaklıkla çalışmalı. klavyeye sessiz diyenleri anlamak çok zor. daha eksi var ama karakter sınırı yetmiyor. kelimeleri kısaltarak kaliteyi düşürmek istemiyorum.,0,0,1,1,0
131,"ürünü kaynar su ile.test ettim . kaynamış suyu gece 12 de içine koyup odanın bir kenarına bıraktım  , tam 12 saat sonra açtığımda su elimi yakıyor vaziyette idi .",1,1,1,0,0
148,çocuklara uygun bir kitap değil,0,0,1,1,0
153,"sadeçe sukadarını söylicem ürünü sipariş edip 2 gün içerisinde elime ulaşması, ulaşdığında da ürüne herhangibirşey olmaması ve siparişini verdiğim ürünün gelmesi çok güzel çünkü bunlar çok önemli.saygılarımla.",1,1,1,0,0
171,"ürün çok basit, küçük, göründüğü gibi durmadı . kısacası, evet fiyat uygun ama o kadar ...",0,0,1,1,0
186,süpürgeç daha iyi bir tercih olabilir.,1,1,1,0,0
219,"merhaba, ürünü yılbaşında bu fiyata aldım, fiyat gerçekten piyasanın altında. parfümde çok güzel kokusu en az 2 gün üzerinizde kalıyor. yalnız şunu belirtmeden gecemiyeceğim parfüm bana kapalı kutuda gelmedi kutu açıktı bu beni rahatsız etti... ama parfümü beğendiğim için sorun etmedim sizinde haberniz olsun. dikkat edin.",1,1,1,0,0
227,sar değeri baya yüksek bir telefon fiyatı uygun özelliği iyi diye almayın sağlığınızdan olmayın,0,0,1,1,0
229,koltuk için fazla sert.,0,0,1,1,0
240,yağ akışının önlenmesi için gerekli önlem alınmamış,0,0,1,1,0
246,ters etki,0,0,1,1,0
273,"ürünü almadan önce su şişeleriyle çalışmayı denedim, ancak bu işi bir dambılla yapınca daha iyi olacağını düşündüm. şimdi iyi ki almışım diyorum.ürün köşegen olduğu için kayma derdi de yok. kullanmadan önce yıkamanızı tavsiye ederim.",1,1,1,0,0
295,önce ki bezim bitmemişti yeni gelen 2 kutu bezle karşılaştırdım,0,0,1,1,0
329,bu makinayı başka bir yerden aldım.alet hakkında yapılan yorumlardan ben tamamen farklı yorum yapacağım.bu süpürgede en büyük eksiklik emme borusunun sert plastikten olması nedeniyle makinaya egemen olmak zorlaşıyor aletin çok hafif olması alet çoğu yerde havaya kalkıyor.yumuşak fırça kılları çok kısa ve çok seyrek işlevi tam yapmıyor.triactive parça zemine uyum sağlattırmada kişinin her seferinde eğilip eliyle ayarlaması lazım bu zaman ve yorgunluk getiriyor.halbuki ayağımızla bu ayarı rahatça yapabilmeliyiz.makinayı uzun yıllar kullanabilmeniz için ufak bir fikir ekleyeyim.aspiratörlerde kullanılan kağıt filtrelerden makinanın hava filtresi önüne ekleme yapabilirsiniz filtrenin temizlenmesinde kolaylık sağlar.kullandıgımız alet bizi yormamalı işlerimizi kolaylaştırmalı.bu aleti yapanlar bana göre hiç ev temizliği yapmamış ve hiç başka alet kullanmamış.bütün bunları elimde 8 makine olan ve temizliği iyi yapan biri olarak yazıyorum.karar sizin.,0,0,1,1,0
335,tüm parçalarıyla elime ulaştı. çalışmasında herhangi bir sorun yaşamadım. umarım yaşamam da. pek deneyimlemedim,1,1,1,0,0
370,mukemmel bı koku kesınlıkle alabılırısınız daha önce bu parfumu  denemeden almıstım şişe tasarımıda cok guzeel sık kalıcı ayrıca bu fıyata bulanmaz kalıtede,1,1,1,0,0
409,şiddetle tavsiye ediyorum çok güzel buldum. yazarın yüreğine sağlık bir solukta bitirdim.,1,1,1,0,0
410,"üst katlarda oturup da cam silmekten korkanlar için kullanışlı, ancak çok büyük beklenti içinde olmayın :)",0,0,1,1,0
430,tek başıma yaşamama rağmen çok çabuk doluyor haznesi ki temiz de bir evim var. her temizliken sonra sökmek zorundasınız hazneyi. sağdaki tozu alıp sola atmaktan başka işe yaramıyor. her temizlik yapışımda çileden çıkartıyor beni. almayın sakın.,0,0,1,1,0
461,. benm gibi kırsal kesimlerde yaşıyorsayız veya alt katlarda ikamet ediyorsanız kesinlikya tercih edlmemeli.,0,0,1,1,0
503,ben eski mousemla halıda kullanamıyordum.,1,1,1,0,0
514,"termal özelliklerin tamamı var. yumuşak, sıcak, dayanıklı. outdoor, kamp için ideal.",1,1,1,0,0
518,kendinizi yormadan süper temizliyor. diğer makinemize göre sesi oldukça az çıkıyor. temizliği de zor değil. alacak olanlara tavsiye ederim boşuna çok para vermeyin.,1,1,1,0,0
532,ben bu ürünü merakla aldım.fakat umduğum gibi çıkmadı.bir kere lastikler çok dar. rahat hareket yapamıyorsunuz ve hareketi yaparken kıvrılıp durduğu için hiç rahat pilates yapamıyorsunuz.daha çok eliniz acıyor onu sıkıp tutmaktan.ben memnun kalmadım.tavsiye etmiyorum.,0,0,1,1,0
535,"ürün 3 gün içerisinde elime ulaştı ürün gerçekten çok başarılı bu ürünü almayı düşünenler direk alsınlar derim parasının hakkını veriyor mouse tıklama ayarı eli terletmeyen bir tasarıma sahip klavye üstündeki w,a,s,d tuşlarıda farklı malzemeden yapılmış klavyenin bileği yormaması için ek parçası bulunuyor iki vida ile bu parça geliyor ister vidalayın isterseniz vidalamayın size kalmış klavye ve mouse aydınlatmaları göz alıyor :d baya fena makine",1,1,1,0,0
552,"ürün çocuklara göre ancak bize gelen top tam yuvarlak değil sanki hafif elips gibi, bu da göze hoş gelmiyor.",0,0,1,1,0
559,ürünü 30.08.2016 tarihinde saat 13:04 sipariş ettim. 01.09.2016 öğle sıralarında elime ulaştı. yani siparişimin 2.gününde ürün elime ulaşmış ve kullanmaktaydım. ''süper hizli'' gönderi gerçekten öyleydi.,1,1,1,0,0
576,içinden bir tane lastik çıktı,0,0,1,1,0
581,"yerde ne kadar saç teli, toz varsa hepsini elektrik süpürgesi gibi topluyor. temizlik için zamanınız kısıtlıysa ideal bir seçim.",1,1,1,0,0
585,olumlu kısımları: öncelikle çocukları eğlendiriyor. montajı basit. farklı bir ortam sağlıyor.,0,0,1,1,0
601,çok gürültülü çalışıyor,0,0,1,1,0
630,"renk seçeneği sunmuyorlar mavi ve sarı ışık geldi, yetersiz",0,0,1,1,0
637,"uygun fiyata, çok da seçici olmayan kalabalık bir kedi güruhunun yiyeceği bir mama arıyorsanız, işinizi göreceğini düşünüyorum.",1,1,1,0,0
669,hepsiburadadan hızlı yola çıktı 3 gün kargo elime ulaşmadı en sonunda hafta tatili arayaa girince ben şubeye gidip kendim almak zorunda kaldım kalvye kullanışlı ama mouse için iyi demek zor çok küçük kullanışlı deil yani almayı düşünüyorsanız ayrı ayrı almanızı tavsiye ederim,0,0,1,1,0
671,3 gün önce aldığı bilekliği kurmak istedim önce mi fitin sitesine girip kayıt olmanız lazım daha sonra mi fiti uygulamasını telefonunuza indirmeniz gerekiyor. bunları yazıyorum çünkü ürünün içindeki kullanım kılavuzu çince olduğu için hiçbir şey anlamıyorsunuz. diğer bilekliklere göre fiyat açısından hem ekonomik hem de ergonomik şık bir ürün.,1,1,1,0,0
700,diğer kullandığımız bulaşık deterjanları genelde leke bırakıyordu. ama artık lekeden eser yok. ayrıca hepsiburada pek çok yerden daha uygun. teşekkürler.,1,1,1,0,0
720,gorundugunden oldukça küçüktü.oyuncak araba gibi.,0,0,1,1,0
748,"telefon bu hafta elime geçti bir kaç gündür kullanıyorum, bu yüzden hepsiburada ailesine teşşekkür ederim kargoda hiç sıkıntı yaşamadık :) telefona gelince öncelikle normal kullanan birisi için bir günlük şarj süresi var ikinci güne kadar gidiyor fakat ikinci günü çıkarmayacak şekilde %10 civarında kalıyor. kullanılmadığı zaman neredeyse şarjı hiç bitmiyor geceden sabaha kadar max %5 şarj falan gidiyor. eğer oyun oynamayı seven biriyseniz kesinlikle şarjı dayanmıyor bir iki saatte şarjı bitiveriyor, ama çok fazla oyun oynayan biri değilseniz sıkıntı yaşayacağınızı sanmam. ısınma problemi gerçekten çok ciddi ama bu performansı etkilemiyor, yine de el değmeyecek kadar çok ısınıyor dolayısıyla bu da biraz rahatsız edici bir durum. diğer yandan kamera mükemmel içinde bir çok uygulamayla birlikte geldi fazladan uygulama indirmenize gerek kalmıyor. geldiğinde bi kaç saat güncelleme yaptı.",1,1,1,0,0
775,"ürünü çok kaliteli bulmadım ama spor yapmak için iş görür, çok basit malzame kullanılmış. ama yine de bu fiyata ancak o kadar olur,",0,0,1,1,0
798,"herşey on numara kargodan servisine kadar kesınlıkle tavsıye ederım, performansı cok iyi koşu alanı rahat, mp3 olması da guzel bi özellik alanlara hayırlı olsun",1,1,1,0,0
799,ürün buharsın özelliği ile iyi çalışıyor ancak su doldurulduktan sonra dik konumda tutulduğunda içinde kondens su oluşuyor ve ütün çeşitli yerlerinden damlama yapıyor. tavsiye etmem.,0,0,1,1,0
802,bu fiyata cok iyi fakat litre olcumu yapmadigini bilseydim bir kez daha dusunurdum. hassas tatifler uygulamak isteyenler biraz daha iyi bisey almali bence...,0,0,1,1,0
817,"yaklasık 1 yıldır,motor soğukken ilk çalıştırmada stop edecekmiş gibi enteresan çalışıyordu.fark edenler hep soruyorlardı araba neden böyle çalışıyor diye .1 dakikadan fazla boşta çalıştırmama rağmen aracı yürütmeye başladığımda resmen zincirle bağlamışlar gibi yürümeye aciz di.  2 ileri 1 geri yapıyordu..lpg bitip benzine geçtiğinde çok şiddetli bir şekilde belli oluyordu.beni aracımdan iyice soğutmustu.bujileri yeniledim olmadı buji kablosunu yeniledim olmadı .boğaz kelebeğini temizledim olmadı.çareyi würth de,yani bu üründe buldum.yaklasık 40 lt.benzine koydum.3000  devirde 3 gündür 25km yaklasık günlük 7-8 km civarı yaptım.kısa sürede arabada bir fark, ilk çalışmada ise daha düzenli çalışma hissettim.sürekli benzinde kullanıyorum. benzin ışığı yanana kadar lpg kullanmayacagım.ve bu süre içinde performansın dahada artacağını düşünüyorum.fakat sesin azaldığını söyleyenler var.ben öyle bir fark görmedim. aracın yaşına bağlı olabilir.aracım 2000 model 1,6 akl motor oktavia.yakıt farkı olurmu bilemem hesaplamam lazım.yalnız bildiğim birşey var aracıma veda etmek üzereyken würth imdadıma yetişti.çünkü aracımı seviyorum.bir dip not daha :bu ürünü kullanmamın sebebi buradaki yorumlar ve würth marka olması.yoksa kullanmazdım.çünkü böyle şeylere fazla inanmam.tesşekkürler.",1,1,1,0,0
837,"10 gündür kullanıyorum,isteklerime cevap veriyor,ayrıca da halen şarjı bitmedi.piyasaya göre fiyatıda hb.da daha uygun.bence sadece kablosu açıkta kalarak biraz sorun yaratıyor,bunun dışında tavsiye edilebilir.saygılar.",1,1,1,0,0
848,sıkıntı yok teslim aldık,1,1,1,0,0
882,ekran cozunurlugu fotograf kalitesi eksileri,1,1,1,0,0
914,telefona bilgileri aktarımında sıkıntı var kendi gösterdiği ile telefonda ki farklı oluyor. ayrıca arayan bilgisi ve diğer bildirimlerde uyarı vermemesi ciddi eksiklik.,0,0,1,1,0
929,"kullanışlı, kolay kuruluma sahip ama biraz yapısından dolayı dengesiz açılıyor dikkat etmek lazım açarken",1,1,1,0,0
932,ürünü alalı 1 ay oldu düzleştirme kısmında sorun yok çok memnunum.saçlarım uzun olmasına ragmen en fazla 15 dak. hazır. benim aldıgım kutuda cin malı yazıyor ve  cihaz çalışırken hafifden bir ses gelioo herkesin ortak sorunu bu . birde kıvrım nasıl veriliyor denedim ama yapamadım deneyip de sonuç alan varsa bilgi verirse sevinirim. teşekkürler.,1,1,1,0,0
954,"i̇şletim sistemini ssd'ye kurdum, bilgisayarın açılması 10 saniyeyi geçmiyor, programların kurulumu ve açılması da son derece hızlı, tavsiye ederim",1,1,1,0,0
960,yaslanilacak kısmı çok kısa o yüzden çocuklar için alınabilir öyle kafelerdeki gibi rahatlik olmasi da beklenmez fiyatina gore puf almayi çok istiyorsanız bnce biraz daha araştırıp daha iyisini alın ama yine güzel,0,0,1,1,0
965,fiyat performans idare eder.küçük pratik...,1,1,1,0,0
974,kaydırmaz özelliği iyi. fare atlama felanda yapmıyor.koku yok. alınır..,1,1,1,0,0
984,ürün camda durmuyor. eldeyken güçlü görünen mıknatıs cama taktiginizda sanki komur kadar manyatik. his kullanamadik cocugun oyuncagi oldu. yada kagit tutucu olarak kullanabilirsiniz...,0,0,1,1,0
1000,2 yıl içerisinde 3 kez servise götürdüm ve hala aynı sorunları devam ediyor. başka bir ütü deneyin yoksa pişman olursunuz.,0,0,1,1,0
1014,daha oynamadim ama cok iyi birşekile sahip hemen oynicam,0,0,1,1,0
1036,aktarım hızı çok iyi ancak kullanmaya başladığım gün itibariyle çok ses çıkartıyor. arada bir titreyerek de çalışıyor. rahatsız edici.,0,0,1,1,0
1038,"kompresör çalışrken sesli,onun dışında sıkıntı yok.tavsiye ederim.yalnız ürünün garanti belgesi gönderilmemiş.umarım (hepsiburada)yetkilileri garanti belgesini en kısa zamanda göndereceklerdir.",1,1,1,0,0
1057,birkaç foto çektim kamerasıda iyi sayılır.,1,1,1,0,0
1065,kesinlikle yapışmıyor. krep de mücver de yaptım; çok iyi. ama ocak üzerinde emanet duruyor; her an devrilebilir. dikkatli yerleştirilmeli ve tutulmalı. sapının çıkıyor olması iyi düşünülmüş. bi yerlere sığdırmakta zorlanmıyorum,1,1,1,0,0
1081,i̇ki tane çocuğum var vok acil bitmediyse hep bezlerimizi buradan alırız.bu aylık kolileri takip ederim genelde ????,1,1,1,0,0
1100,görüntü çok şık. yalnız ürünün 1 lt olanında sapı dik tuttuğunuzda sap ile kapak tutamacı arasında kalan boşluğa insanın eli zorlukla giriyor. bir de ürünün çelik olduğu ve kullanılırken sıcak olacağı düşünüldüğünde bez kullanmak gerekecek ve kullanım ciddi zorluk olacak gibi geldi. bu düşünceyle iade ettim.,0,0,1,1,0
1104,dizimde varolan sporcu sakatlığı sonucunda çok fazla ağrı çekmekteydim. bu ürün elime geçtikten sonra ilk maçımda çok faydasını gördüm. maç boyunca dizimde en ufak bir zorlanma hissetmedim. ayrıca konforlu bir ürün varlığı herhangi bir rahatsızlık vermemekte. teşekkür ederim.,1,1,1,0,0
1107,ilk izlenimim tv gayet guzel,1,1,1,0,0
1128,olsada olur olmasada gibi bir ürün.,0,0,1,1,0
1129,derin dondurucu olarak tamam ama bu zamanda hala yilda bir buz çözme islemi yapacaz ne gerek varya alın buzlanma yapmayan nofrost mutlu kalin,0,0,1,1,0
1144,"not: dizüstünüzü eğimli yerleştirdiğiniz takdirde aşağı doğru kayma yapar. kutuda size verilen 2 adet lastik bu kaymayı durdurmak adına, ürünün alt kısmında bulunan çentiklere takacağınız nesnelerdir.",1,1,1,0,0
1148,ürünü burdaki yorumlara bakarak aldım çok faydasını görmedim kızım yine ve yine pişik oldu sanırım ne kadar kaliteli olursa olsun bazı ciltler için uygun olmuyor bezi değiştirdikten sonra düzeldi pişik problemi kızımın,0,0,1,1,0
1150,"daha öncede çokca tablo si̇pari̇ş verdi̇m hepsi̇ burada'dan gerçekten hi̇zmet kali̇tesi̇ üst sevi̇yede, bu tabloyu annemgi̇le hedi̇ye etti̇m oturma odasina çook yakişti ve ürün kali̇tesi̇ netli̇k bi̇re bi̇r ayni muazzam... si̇pari̇ş vermek i̇steyen hi̇ç şüphe etmesi̇n... daha önce kargo geci̇kmesi̇yle i̇lgi̇li̇ sikinti yaşamiştim ama kargo bi̇le şaşirtti beni̇ 2 günde eli̇me geçti̇ teşekkürler hb ai̇lesi̇.",1,1,1,0,0
1151,"güzel tv. marka olarak araştırmada çok şikayat var ama tereddütte kalarak aldım fiyatından dolayı daha uygunu bulmak zor daha iyisi 2 katı fiyatına başka markalarda , kendim farklı marka elektrikli ev aletleri teknisyeni olarak fiyatına göre kalitesin de  alınabilecek tvler arasında ürün incelemem de kanal geçişleri yavaş  harici bir sıkıntı görmedim ilerliyen dönemler de görmem inşallah",1,1,1,0,0
1168,teslimat 1 gün gecikmeli gerçekleşti o da kar yağışı yüzünden oldu çok önemli bi durum değildi.,1,1,1,0,0
1171,pelikan ismini dünyaya tanıtmış bir markadır keşke siyahıda olsaydı daha güzel olurdu ama maviside güzel kısaca pelikan farkı. hemen kendini gösteriyor tavsiye ederim,1,1,1,0,0
1179,"daha öncede aynı markayı kullanmıştım.yorumları okuyarak tercih ettim.kullandıktan sonra doğru tercih olduğunu anladım.hızı çok iyi,şarjı yeterli 1-1,5 saat gidiyor.üzerinde ışık baya işe yarıyor.isınma problemi de yok.",1,1,1,0,0
1182,"ben beğendim,gören arkadaşlar da beğendiler..",0,0,1,1,0
1197,i̇lk aldığımda çok güzeldi media tuşları olmasa bile olsun demiştim. şimdi tuşlar katur kutur ediyor hafif tozlanma vardır dedim sildim hala aynı oyun oynarken tuşlara baskı yapmassanız veya yazarken basmıyor yarıda kalıyor mekanik bi klavye bakın kısacası bunun devri bitmiş saygılarla.,0,0,1,1,0
1224,ürün kısa sürede elime ulaştı. fiyatı da aynı segmentteki ürünlere kıyasla oldukça uygundu. ayrıca toshiba türkiyenin 5 yıl garanti kampanyası da göz ardı edilmemeli. ürünü almak isteyenler hiç düşünmesinler.,1,1,1,0,0
1229,ne amaçla alınır bilemiyorum ama oldukça sıradan ve kötü malzemeye sahip bir kulaklık.,0,0,1,1,0
1257,"firma (codegen) ürünü zamanında kargoya verdi, ama yurtiçi kargo ürün uzun diye 2 gün teslimtı geciktirdi.",1,1,1,0,0
1259,fiyatı biraz yüksek buldum daha önce hep buradan alırdım şimdi fiyat olarak yüksek ama yıkama sonucu cok iyi şimdi den teşekkürler hepsi burada,0,0,1,1,0
1267,bu kadar güzel koku cağını beklemiyordum  gerçekten parasını hak eden bir parfüm,1,1,1,0,0
1271,bazı olumsuz yorumlar yüzünden çok tereddütte kaldım. s4  5s yoksa s4 mini mi alsam diye çok düşündüm. s4 ler çok büyük geldi gözüme tek el telefonu değildi. 5s lerde kişiselleştirme ve sınırlamalar hoşuma gitmedi. s4 mininin fiyatının indirime girmesiyle bir heves aldım. diğer bazı arkadaşların batarya konusundaki memnuniyetsizliğini anlayamadım. telefon normal günlük kullanımda gayet 24 saat gidiyor. hatta bu süreyi aşabilir de ama ben beklemeden şarja takıyorum. dokunmatik hassasiyeti süper. fotoğraf çekimleri tatmin edici. wifi bağlantısı sorunsuz. kesinlikle öneriyorum.,1,1,1,0,0
1274,"görsel ve malzeme olarak çok basit duruyor, kullanım olarak bir sıkıntı yok.",0,0,1,1,0
1278,ürünü aldım gayet şık led ışıkları da var ancak maalesef açma kapama düğmesi yok. yani fişini çekmediğiniz sürece beklemede ve ışığı yanıyor. bence sürekli veya çok çay falan içiyorsanız alın. sürekli sıcak durur. o yönden kullanışlı,0,0,1,1,0
1293,hizli ve saglik ulasim icin tesekkrler hic sorunsuz aldim ürünü cok teşekkürler i̇lgi̇ni̇z ve alakaniz i̇ci̇n,1,1,1,0,0
1302,"evet ürün kapı altından gelen soğuk havayı kesiyor, ama mükemmel bir yalıtım yaptığını söylemek zor. montajı i̇çin kapı ölçüsüne göre kesmek yeterli. ama ürünün i̇çindeki süngerler boru gibi i̇çi boş. i̇çleri dolu daha kaliteli sünger kullanılsa daha etkili olacağını düşünüyorum. ama sonuç olarak i̇ş görür...",0,0,1,1,0
1308,piyasadaki çakma ve versiyon urunlerden cok cekmis biri olarak tedirginlik icerisinde siparisimi verdim. fakat note 4 kutusundan cikan sarj cihaziyla ayni oldugunu gorunce ve sarj etme hizininda gayet iyi olusuyla size de almaniz yonunde tavsiye ederim. ürünün kendine ait bir kutusu yok kilitli poset icinde geliyor. kutu olarak da hepsi burada kutusu icerisinde geliyor. ama kesinlikle tatmin edici bir ürün.,1,1,1,0,0
1312,"küçük top patlak geldi,büyük top da çok fazla esniyor..diğer ürünler iyi",0,0,1,1,0
1315,"urun elime 48 saatten önce ulaştı.oldukça güzel.kalıbı dar .fakat sağlam bi urun. kızım 35 numara giyiyor.35,38 no da urun aldık.kizima oldu fakat ablasının numarası 36 olmasına rağmen sıktı.almak isteyenler kalıbın dar olduğunu bilerek alsınlar. urunden memnunuz.teşekkürler hepsi burada....",1,1,1,0,0
1320,kendisi büyük ve görüntüsü çok kaba,0,0,1,1,0
1327,çocuk oyuncakları çok pil harcıyor. bunlara normal alkalin piller bile sadece birkaç gün dayanırken duracel haftalarca gidiyor ve kendi kendine bitmiyor. akmaması ise sağlık açısından çok önemli.,1,1,1,0,0
1348,"kurulumu basit , ama görüşnüşüne aldanmayın çok ince ve dayanıksız gibi görünüyor",0,0,1,1,0
1352,2.5 yaşındaki kızım için aldım  ürün kaliteli fakat oturagı alçak olduğu için  pedalları kullanamadı malesef,0,0,1,1,0
1354,yaklaşık 2 yıldır kullandığım çok başarılı bir ürün. 18-135 stm lens tercih edilmeli,1,1,1,0,0
1360,uzun süre evde düşündüğüm konuma uygun olan bir barfiks aradım ancak uzunluk ve ekler bakımından,1,1,1,0,0
1396,kalitesiz. cok basit ve boyut olarak cok kucuk,0,0,1,1,0
1397,ürün biraz büyük ve 220 volt ile çalışıyor.pille de sürekli çalışabilse daha iyi olurdu.,0,0,1,1,0
1427,bu arada telefona rehber kopyalamak turkcellle ne yazık ki mümkün olamadı benim için. önceki telefonumdan rehberimi yedekledim ama kendim s3600a yükleyemedim. bir bayiye gidip yardım istedim ve uğraşmalarına rağmen yapamadılar. çok uzun bir rehberiniz varsa bunu göz önünde bulundurmanız ve gsm operatörünüzle görüşmeniz faydalı olabilir.,1,1,1,0,0
1436,i̇ade işlemi gerçekleştireceğim. oldukça küçük parçalar.,0,0,1,1,0
1442,"sipariş 23.12.2016'da verildi, 28.12.2016'da ankara'ya teslim edildi. (süper hızlı gerçekten). kartı sony as50 aksiyon kamerasında kullanıyorum. sıkıntısız.",1,1,1,0,0
1453,"daha önce (2 yıldan beri marka vermiyecem,) kullandığım adaptör le modemin yanında 2-3  ender olarak  4  diş alıyordum sinyalleri. bu durumda sayfaları açarken haliyle bi yavaşlava olabilir  diye  düşünüyordum. bu  ürün 24  saatte  elime geçti. eski adaptörü söktüm",1,1,1,0,0
1462,"pazar gece 12 de si̇pari̇ş verdi̇m, çarşamba öğlen 12.25 i̇ti̇bari̇yle i̇zlemeye başladim. görüntü güzel, kanal geçi̇şleri̇ normal. ses kali̇tesi̇ yeterli̇ düzeyde. i̇nternete kablolu bağlanip kullanilabi̇li̇yor. türk markasi, fi̇yati alinabi̇lecek sevi̇yede. çok düşünmüştüm. i̇yi̇ ki̇ boşa yüksek meblağlar vermemi̇şi̇m yabanci markalara. umarim sorunsuz bi̇r şeki̇lde geli̇p kurulduğu gi̇bi̇ de i̇zleri̇m. tavsi̇yem alinabi̇lecek bu fi̇yata en i̇yi̇si̇.",1,1,1,0,0
1470,"daha önceleri en yakın rakibi olan markanın bir ürününü kullanmış hiç memnun kalmamıştım. çizik ve tahriş yüzünden de birdaha mı asla demiş olmama rağmen, jilet ve köpükle uğraşmaktan bıkıp yorumlara güvendim ve aldım. acemiliğim sebebiyle jilet ve köpükten daha uzun sürdü ilk traşım, ancak bukadar sürtünme ve uğraşmama rağmen ne bir çizik ne bir kızarıklık. cildim çok hassastır, bende bile tahriş yaratmadıysa gönül rahatlığıyla alıp kullanabilirsiniz. pişman olmayacaksınız, jilet ve köpükle geçen günlerime acıdım, meğer traş ne kadar rahat ve kolaymış. fiyat olarak hbdan daha hesaplısı yok",1,1,1,0,0
1475,8 yasındaki oğluma verdim.,0,0,1,1,0
1492,10 yaşındaki kedimi yatağına alıştırmak için aldığım bu spray ilk kullanımda etkisini gösterdi ve kedim yatağında yatmaya başladı.ürünün satışını yapan yetkililere teşekkürler...,1,1,1,0,0
1493,hemen noktalari almio bir sure bekliorum,0,0,1,1,0
1495,abartılacak kadar bir çekim özelliği yokmuş parasına gore normal,0,0,1,1,0
1508,"üstündeki anahtarlık benzeri şeyide telefunuza takabilirsiniz, istediğiniz an telefondan kartınızı çıkarın ve bu cihaz sayesinde flash bellek olsun :)",1,1,1,0,0
1509,makine çok güzel çok kullanışlı ve kaliteli fakat şuanki fiyatı çok fazla,0,0,1,1,0
1513,ürün çok ince. soğuk ve rüzgar geçiriyor. salomon kalitedir ve ürünün performansı gayet iyidir deyip aldım. ürünü doğa sporlarına ilgili olanlara kesinlikle tavsiye etmiyorum.,0,0,1,1,0
1514,okuma hızı 100mb/s olmasina ragmen yazma hizi 10mb/s yi gecmiyor bunu bilerek alirsaniz baska bi sorunu yok gayet basarili,1,1,1,0,0
1534,ürün çok gecikmeli olarak elime ulaştı.çok şirin ve küçük duruyor.rahatsız edecek derecede ses çıkarmıyor bence.10 dakika içerisinde 15-20 m2 odanın soğuğunu kırıyor.fakat nekadar uzun çalıştırırsanız çalıştırın terletecek kadar ısıtmıyor.oyüzden kısa süreli çalıştırıyorum.henüz elektrik faturası gelmedi ama çok yakacağını düşünmüyorum.,1,1,1,0,0
1545,arkadaşlar mause gerçekten bayıldım tek sorunu üzerinde fazla gereksiz tuş var  oyun oynarken yanlışlıkla o tuşlara basıyom ama gerçekten güzel mause almanızı tavsiye  ederim,1,1,1,0,0
1565,mükemmel olduğu söylenemez ama fiyatına göre oldukça iyi. ben mağaralarda kullanacağım için yürüdükçe dizlik aşağıya inecek gibi. motor kullananlar sürekli motorda olacağı için böyle bir sorun olmaz tabi...,0,0,1,1,0
1577,bizimki 2 yaşını geçti artık gündüz uykusunda altını bezlemiyoruz. bu örtüden açıyoruz ve hiç yatağa geçmiyor. teşekkürler hb..,1,1,1,0,0
1593,"geceleri kulağınızı verirseniz, sese takılıp uyuyamama ihtimaliniz yüksek. ayrıca çok da bir işe yaradığını söyleyeyemem. son olarak, su değiştirme çok pratik değil ve bazen su kabının kapağını değiştirmek aşırı zorlaşıyor.",0,0,1,1,0
1626,siparişimi cuma öğlen gibi verdi. ohoo arada hafta sonu var p.tesi salı anca gelir derken ürünüm c.tesi öğlen elime ulaştıı. çok hızlı bir şekilde :),1,1,1,0,0
1630,i̇nce olduğu için ısınma problemi var bu fiyata alınacak bir telefon olduğunu düşünmüyorum..en büyük artısı ekran büyüklüğü bence..bu fiyata daha iyisi alınabilir..,0,0,1,1,0
1644,"yorumlar yanıltmasın 1,5 voltla çalışıyor siz düşünün ))) içinde tek kalem pil var ve çok zayıf kalıyor.",0,0,1,1,0
1645,tek kelimeyle daha iyisi yok bu gramajda,1,1,1,0,0
1689,fiyat/performans oranı çok iyi. tek eksiği kamerası. 13 mp yazmasına rağmen düşük ışıkta kalitesiz fotoğraflar çekiyor. android lolipop güncelleme ile geldi. lenovo çin malı diye yazanlar olmuş. evet çin malı ama telefpn tarafı bildiğimiz motorola. satın aldılar,1,1,1,0,0
1694,kargom 1 haftada ancak geldi.,0,0,1,1,0
1695,ilgili firma. güzel ürün. uygun site. daha ne olsun :) ürün geldikten sonra kurulum icin yetkili servisi aramayi unutmayin :),1,1,1,0,0
1702,ince sakallar için ideal olabilir. benim ince sakallarımı aldı kalınlar yüzümde kaldı yine jiletle aldım onları.,0,0,1,1,0
1727,ürün 1 gün içinde elime ulaştı  anneme hediye olarak aldım  denemeyi  ben yaptım   ilk defa kullandığımdan  mi  bilmem ama su sıkma konusunda  sıkıntılı  çok  ıslak  bırakıyor,0,0,1,1,0
1730,"eksi yanları: akıllı uyandırma özelliği çok iyi düşünülmüş ancak kolunuzu yukarı kaldırmadan tam çalışmıyor, bu yüzden eliniz aşağıdayken bileğinizi çevirip bakmak istediğinizde saat ekranı gelmiyor. sallamanız veya yukarı kaldırmanız gerekiyor. bazen telefon üzerinden çağrı cevapladığınızda saat üzerinden ses veriyor, saatten telefona geçmeye çalışıyorsunuz o anda... i̇ki tuşu var ve ikisi de sağda, bence sol tarafa da bir tuş eklenebilirmiş. örneğin saat sol bileğinizdeyken sağ elinizle işlemleri yaptığınızda  baş parmak ile sol tarafta tuş arıyorsunuz.böyle bir üçüncü tuş olsa çok daha rahat kullanım olabilirmiş. her ne kadar şu anda işinizi gören uygulamalar olsa da uygulama genişliği çok çok az. facebook, twitter, whatsapp gibi en sık kullanılan uygulamaların resmi saat uygulamaları acilen gelmeli.",1,1,1,0,0
1731,"bu ürünü radyo için alacaksanız, almayın. 50 tane hafızası var ve 87.7den başlayarak bulduğu ilk 50 kanalı hafızaya alıyor. 97.4den sonraki kanalları isteseniz de dinleyemiyorsunuz. (istanbulda çok radyo olduğu için)",0,0,1,1,0
1740,çok paranız varsa süper bir makine alabilirsiniz ancak 500ytlye kadar alabileceğiniz standart ürünlrin performansı emin olun bu makineden iyi olmayacaktır. fiyatının iki katını hakediyor yani. annemde kuru süpürgesi bende halı yıkamalı modeli var. kaçırmamak gerekir.,1,1,1,0,0
1752,site ekibine teşekkürler 3 iş günü içinde çıması gerekirken ürün temininden dolayı 2 gün gecikti ama bana bekleyip aynı ayarda başka marka seçmem hakkında bilgi verildi ben beklemeyi seçtim çünkü özellik ve marka olarak bu ürünü seçmiştim ayrıca jest yaparak bana çek gönderdiler. i̇lgi ve alakanızdan çok memnum kaldım tekrar teşekkürler ediyorum. başka alışverişlerde görüşmek üzere iyi çalışmalar dilerim,1,1,1,0,0
1754,"evvelden kum torbası kullandınız mı bilmiyorum fakat genelde bir yerleri delinir, cırtcırtı kopar falan. bu üründe öyle bir şey yok ve hiç olacakmış izlenimi de vermiyor gayet kaliteli kumaşı da bağlantı yerleri çok iyi. fiyatından hiç bahsetmiyorum bile",1,1,1,0,0
1756,ürün fi̇yatina göre fazla özelli̇kli̇ bi̇r ürün. çok i̇yi̇ temi̇zli̇yor. eski̇ süpürgemi̇n hi̇ç bi̇r şey yapmadiğini anladim. hali yikama kismi da çok i̇yi̇ bi̇r ci̇haz. ses sevi̇yesi̇ ortalama küçük kuru maki̇nalarin bi̇raz üzeri̇nde ama i̇şi̇ni̇ i̇yi̇ yapiyor. tavsi̇ye ederi̇m.,1,1,1,0,0
1767,aldigim orjinal samsung kilifi ile uyumlu deyil klavye ile baglanti kuramiyo ve kilifi klavye ile arkaya dogru kivirdigim zaman ekran karariyo ve acilmiyo.,0,0,1,1,0
1774,arayüz:türkçe tuşlara aynı tuşu basılı tutarak yazılıyor playstore dan ücretsiz bir tane klavye indirip kurabilirsiniz ben öyle yaptım,1,1,1,0,0
1779,"arkadaşlar öncelikle şunu belirteyim philips beni hiç şaşırtmadı gerek diğer ürünlerinde gerekse bu üründe de. almak isteyen hiç tereddüt etmesin alabilir bunu titizlikle araştırma yaptığım için söylüyorum astım rahatsızlığı, bebeği vs olanlar için gayet iyi ürün daha önceki süpürgede temizlik yapıldı sanmışız meğer hiç yapılmamış gibi gerek koltuklardan gerek (shaggy halı) halılardan çıkan kiri anlatamam kısacası verdiğiniz paranın hakkını veren bir makine",1,1,1,0,0
1796,puan vermek gerekırse 100 üzerinden 60 verilebilir.,0,0,1,1,0
1799,"10 gün önce elime ulaştı bu ürün. 5-6 kez kullanma şansım oldu. börek ve yemek için çok iyi bir ürün. turbo özelliği sayesinde et, tavuk vs çok iyi pişiyor. çok güzel tava yapılabilir. ancak kek hususunda bir şey diyemeyeceğim çünkü hiç denemedim. ama kek hususunda bu kadar başarılı olmadığı söyleniyor diğer kullanıcılar tarafından.",1,1,1,0,0
1803,altın bu aralar bir düşüşte arkadaşlar bu sitedeki fiyatlarada yansıdı şimdi alıp düğün sezonunda elden çıkarmak bana göre süper bir yatırım fırsatı,1,1,1,0,0
1814,ürün elime bügün ulaştı. beğenmeyenler kesinlikle yanlış kullanıyor. araç soğuken kullanırsanız  umduğunuz sonucu alırsınız. motora sıktıktan 15 dk sonra bi bezle temizleyin ilk günki gibi bi görünüm sağlarsınız.,1,1,1,0,0
1817,"sessiz çalışıyor fakat hangi ayarda ne kadar çalıştırmam gerektiğini bilmiyorum, nemi ölçerek otomatik dursa ve tekrar başlasa daha güzel olurdu. ayrıca odayı baya soğutuyor.",1,1,1,0,0
1827,6 7 aydir kullanıyorum oldukca memnunum sadece eksi olarak alarmi ayarlarken ekran isigi kapaniyor.,1,1,1,0,0
1839,ürünün sorgulamasını yaptım orijinal gönül rahatlığıyla alabilirsiniz,1,1,1,0,0
1851,kesinlikle tüm modellere uyumlu değil. benim bisikletimin selesi geniş ve aldığım ürün kesinlikle seleye takılamıyor,0,0,1,1,0
1858,"kumaş kalitesi güzel, montaj kolay. ancak ürün göründügü kadar büyük ve kullanışlı değil. parçaların arası sürekli açılıyor, çok hafif olduğu için sürekli kayıyor. çok beğenerek almıştık. ancak rahat kullanamıyoruz. fiyatı uygun ama sadece görsel olarak dursun diye alınır günlük kullanım için tavsiye etmem.",0,0,1,1,0
1861,hız,1,1,1,0,0
1865,"ben memnunum. tavsiye konusunda fikrim yok. ama ben pişman değilim. aracım eski, yıpranan kısımları kısmen kapattığına inanıyorum. arabam daha sessiz çalışıyor. motoru da zorlanmıyor. nedeni mobil1 yağı ile bor power kullandığım için de olabilir.",1,1,1,0,0
1877,"görüntüsü güzel ama çok titreşimli çalışıyor neredeyse porselen dişlerimi yerinden oynatacak, fırçaya devam yani; bu aleti porselen dişi olmayanlar kullanabilir ancak",0,0,1,1,0
1888,"ürün kullanışlı.ancak benim gibi çevirdiğinizde prizi kullanacağınızı zannetmeyin, tamamen kapatıyor",1,1,1,0,0
1915,"mazot deposu delinmişti,onu kapatmak için kullandım,bildiğiniz demir gibi bir şey,çok başarılı.",1,1,1,0,0
1932,"yazması çok rahat bir kalem, ancak imza dışında kullanılması biraz zor. çünkü 1.0mm ucu normal yazım için çok kalın ve fazla mürekkep veriyor",0,0,1,1,0
1934,yorumsuz kötü .  anca ayakkabı tozu alırsınuz,0,0,1,1,0
1936,öyle eve girince yüze çarpan bir koku değil. yanına gidince kokuyor.,0,0,1,1,0
1946,bugün elime ulaştı yüzücüyüm keyfi yüzüşlerimde bu boneyi kullanıyorum fiyatının karşılığını kat kat veren bir bone :),1,1,1,0,0
1970,"küçük ve kalitesiz matkap uçları idare eder, birkaçta dübel konulmuş. alet çantası olarak kullanılabileceğini düşünmüyorum, ancak hafif ürünler konulabilir.",0,0,1,1,0
1973,kılıf hızlı şekilde elime ulaştı ama beklediğimden çok kalın ve biraz kaba  çıkınca iade ettim. hızlı ödeme iadesi için hepsiburada.com a teşekkür ederim.,0,0,1,1,0
1991,"cildim çok tahrişli, mach3 kullan at kullanıyordum. her traşta mutlaka yüzümde kesikler oluyordu. bu traş bıçağını denedim. i̇nanılmaz. çok beğendim. kesinlikle abartmıyorum. yalnız fiyatı biraz pahalı. umarım daha uygun fiyatlara çekerler. bundan sonra başka traş bıçağı kullanamam herhalde.",1,1,1,0,0
1994,ürün 24 saatte elime ulaştı. koku aromatik tütün ve çikolata kokusu ile harmanlanmış.,1,1,1,0,0
