run_id,model,condition,synth_ratio,mt_system,seed,n_real,n_synth,epochs_run,best_epoch,lr,batch_size,dev_macro_f1,test_accuracy,test_macro_f1,test_f1_neg,test_f1_pos,train_time_s,commit_hash,timestamp,notes
transformer_C2_final_42,transformer,C2,10.0,final,42,2000,20000,9,6,0.0003,32,0.774,0.764,0.7634085213032582,0.751578947368421,0.7752380952380953,196,7715200,2026-09-26T10:58:20+00:00,
transformer_C3_final_42,transformer,C3,6.5375,final,42,2000,13075,8,5,0.0003,32,0.7725,0.7665,0.7664952715292485,0.7654445002511301,0.7675460428073668,115,7715200,2026-09-26T11:00:19+00:00,
transformer_C2b_final_42,transformer,C2b,6.5375,final,42,2000,13075,8,5,0.0003,32,0.7815,0.7785,0.7784932994223075,0.7772750125691302,0.7797115862754849,136,7715200,2026-09-26T11:02:38+00:00,
transformer_C2_final_1337,transformer,C2,10.0,final,1337,2000,20000,9,6,0.0003,32,0.775,0.7665,0.766282584374114,0.7591542031975245,0.7734109655507035,223,7715200,2026-09-26T11:07:00+00:00,
transformer_C3_final_1337,transformer,C3,6.5375,final,1337,2000,13075,8,5,0.0003,32,0.7716,0.7765,0.7764972620914606,0.7772795216741405,0.7757150025087808,126,7715200,2026-09-26T11:09:10+00:00,
transformer_C2b_final_1337,transformer,C2b,6.5375,final,1337,2000,13075,11,8,0.0003,32,0.7796,0.7595,0.7594624160025003,0.7624691358024691,0.7564556962025316,194,7715200,2026-09-26T11:12:27+00:00,
transformer_C2_early_42,transformer,C2,10.0,early,42,2000,20000,9,6,0.0003,32,0.7529,0.7625,0.7624951905276082,0.7614264188849824,0.7635639621702339,203,7715200,2026-09-26T11:15:54+00:00,
transformer_C2_final_42_1x,transformer,C2,1.0,final,42,2000,2000,11,8,0.0003,32,0.7748,0.76,0.75997599759976,0.7575757575757576,0.7623762376237624,74,6ae21bb,2026-09-29T18:33:24+00:00,
transformer_C2_final_42_5x,transformer,C2,5.0,final,42,2000,10000,8,5,0.0003,32,0.7628,0.7525,0.7524058523253467,0.747577766445691,0.7572339382050024,179,6ae21bb,2026-09-29T18:36:28+00:00,
