run_id,model,condition,synth_ratio,mt_system,seed,n_real,n_synth,epochs_run,best_epoch,lr,batch_size,dev_macro_f1,test_accuracy,test_macro_f1,test_f1_neg,test_f1_pos,train_time_s,commit_hash,timestamp,notes
lstm_C1_none_42,lstm,C1,0.0,none,42,2000,0,8,5,0.001,32,0.751975197519752,0.742,0.741998967995872,0.7425149700598802,0.7414829659318637,95,a2e932c,2026-09-25T19:41:53+00:00,C1 baseline run
lstm_C3_final_42,lstm,C3,4.0,final,42,2000,13075,7,4,0.001,32,0.7949538646195393,0.776,0.775622821963721,0.7664233576642335,0.7848222862632085,716,a2e932c,2026-09-25T20:26:46+00:00,Filtered dataset
lstm_C1_none_1337,lstm,C1,0.0,none,1337,2000,0,7,4,0.001,32,0.7797145100049665,0.7455,0.7447136542334526,0.7305452620434092,0.758882046423496,97,a2e932c,2026-09-25T20:31:22+00:00,C1 baseline seed 1337
lstm_C3_final_1337,lstm,C3,4.0,final,1337,2000,13075,6,3,0.001,32,0.7899159663865547,0.7875,0.7874986718666992,0.7880299251870324,0.786967418546366,583,a2e932c,2026-09-25T20:41:52+00:00,C3 filtered seed 1337
lstm_C2_final_42,lstm,C2,10.0,final,42,2000,20000,6,3,0.001,32,0.7968291333011063,0.775,0.7749349562023424,0.7711088504577823,0.7787610619469026,714,a2e932c,2026-09-25T20:57:47+00:00,C2 unfiltered
lstm_C2_final_1337,lstm,C2,10.0,final,1337,2000,20000,5,2,0.001,32,0.807870120201256,0.7925,0.7924999481249869,0.7923961980990494,0.7926036981509245,613,a2e932c,2026-09-25T21:08:48+00:00,C2 unfiltered seed 1337
lstm_C2_early_42,lstm,C2,10.0,early,42,2000,20000,6,3,0.001,32,0.7778258154393045,0.7645,0.7636912925258466,0.7498672331386086,0.7775153519130845,833,00a3348,2026-09-26T13:46:00+00:00,RQ4 early MT check
lstm_C2_final_42,lstm,C2,1.0,final,42,2000,2000,8,5,0.001,32,0.786096256684492,0.7655,0.7654014099425284,0.7702106810387066,0.7605921388463501,192,00a3348,2026-09-26T13:50:22+00:00,RQ3 1x synthetic size
lstm_C2_final_42,lstm,C2,5.0,final,42,2000,10000,6,3,0.001,32,0.8059503232827604,0.7855,0.7854973723428113,0.7862481315396115,0.784746613146011,436,00a3348,2026-09-26T13:57:51+00:00,RQ3 5x synthetic size
